{
  "hash": "ab8e0d4c",
  "configHash": "cc7fb387",
  "lockfileHash": "5c59cad4",
  "browserHash": "cb0edd43",
  "optimized": {
    "@angular/cdk/bidi": {
      "src": "../../../../../../node_modules/@angular/cdk/fesm2022/bidi.mjs",
      "file": "@angular_cdk_bidi.js",
      "fileHash": "e7f358f8",
      "needsInterop": false
    },
    "@angular/cdk/scrolling": {
      "src": "../../../../../../node_modules/@angular/cdk/fesm2022/scrolling.mjs",
      "file": "@angular_cdk_scrolling.js",
      "fileHash": "804c0ba1",
      "needsInterop": false
    },
    "@angular/common": {
      "src": "../../../../../../node_modules/@angular/common/fesm2022/common.mjs",
      "file": "@angular_common.js",
      "fileHash": "f88fe292",
      "needsInterop": false
    },
    "@angular/common/http": {
      "src": "../../../../../../node_modules/@angular/common/fesm2022/http.mjs",
      "file": "@angular_common_http.js",
      "fileHash": "03679cdc",
      "needsInterop": false
    },
    "@angular/core": {
      "src": "../../../../../../node_modules/@angular/core/fesm2022/core.mjs",
      "file": "@angular_core.js",
      "fileHash": "cee68ac0",
      "needsInterop": false
    },
    "@angular/forms": {
      "src": "../../../../../../node_modules/@angular/forms/fesm2022/forms.mjs",
      "file": "@angular_forms.js",
      "fileHash": "49338828",
      "needsInterop": false
    },
    "@angular/material/button": {
      "src": "../../../../../../node_modules/@angular/material/fesm2022/button.mjs",
      "file": "@angular_material_button.js",
      "fileHash": "30ecde27",
      "needsInterop": false
    },
    "@angular/material/card": {
      "src": "../../../../../../node_modules/@angular/material/fesm2022/card.mjs",
      "file": "@angular_material_card.js",
      "fileHash": "4198a88b",
      "needsInterop": false
    },
    "@angular/material/form-field": {
      "src": "../../../../../../node_modules/@angular/material/fesm2022/form-field.mjs",
      "file": "@angular_material_form-field.js",
      "fileHash": "a585d188",
      "needsInterop": false
    },
    "@angular/material/icon": {
      "src": "../../../../../../node_modules/@angular/material/fesm2022/icon.mjs",
      "file": "@angular_material_icon.js",
      "fileHash": "993953ac",
      "needsInterop": false
    },
    "@angular/material/progress-spinner": {
      "src": "../../../../../../node_modules/@angular/material/fesm2022/progress-spinner.mjs",
      "file": "@angular_material_progress-spinner.js",
      "fileHash": "57db860e",
      "needsInterop": false
    },
    "@angular/material/select": {
      "src": "../../../../../../node_modules/@angular/material/fesm2022/select.mjs",
      "file": "@angular_material_select.js",
      "fileHash": "b1928d27",
      "needsInterop": false
    },
    "@angular/material/snack-bar": {
      "src": "../../../../../../node_modules/@angular/material/fesm2022/snack-bar.mjs",
      "file": "@angular_material_snack-bar.js",
      "fileHash": "c4f5f0f8",
      "needsInterop": false
    },
    "@angular/material/toolbar": {
      "src": "../../../../../../node_modules/@angular/material/fesm2022/toolbar.mjs",
      "file": "@angular_material_toolbar.js",
      "fileHash": "e2830b63",
      "needsInterop": false
    },
    "@angular/platform-browser": {
      "src": "../../../../../../node_modules/@angular/platform-browser/fesm2022/platform-browser.mjs",
      "file": "@angular_platform-browser.js",
      "fileHash": "4a6dc8ce",
      "needsInterop": false
    },
    "@angular/platform-browser/animations": {
      "src": "../../../../../../node_modules/@angular/platform-browser/fesm2022/animations.mjs",
      "file": "@angular_platform-browser_animations.js",
      "fileHash": "b56d575f",
      "needsInterop": false
    },
    "@angular/router": {
      "src": "../../../../../../node_modules/@angular/router/fesm2022/router.mjs",
      "file": "@angular_router.js",
      "fileHash": "af4da49c",
      "needsInterop": false
    },
    "ag-grid-angular": {
      "src": "../../../../../../node_modules/ag-grid-angular/fesm2022/ag-grid-angular.mjs",
      "file": "ag-grid-angular.js",
      "fileHash": "b9ef7e2b",
      "needsInterop": false
    },
    "ag-grid-community": {
      "src": "../../../../../../node_modules/ag-grid-community/dist/package/main.esm.mjs",
      "file": "ag-grid-community.js",
      "fileHash": "98513345",
      "needsInterop": false
    },
    "rxjs": {
      "src": "../../../../../../node_modules/rxjs/dist/esm5/index.js",
      "file": "rxjs.js",
      "fileHash": "7ffb3c70",
      "needsInterop": false
    },
    "rxjs/operators": {
      "src": "../../../../../../node_modules/rxjs/dist/esm5/operators/index.js",
      "file": "rxjs_operators.js",
      "fileHash": "ee0cddaf",
      "needsInterop": false
    },
    "@angular/material/input": {
      "src": "../../../../../../node_modules/@angular/material/fesm2022/input.mjs",
      "file": "@angular_material_input.js",
      "fileHash": "726e93ed",
      "needsInterop": false
    },
    "@angular/cdk/text-field": {
      "src": "../../../../../../node_modules/@angular/cdk/fesm2022/text-field.mjs",
      "file": "@angular_cdk_text-field.js",
      "fileHash": "09ef0a67",
      "needsInterop": false
    }
  },
  "chunks": {
    "chunk-GV6RUXUT": {
      "file": "chunk-GV6RUXUT.js"
    },
    "chunk-DIWBNNG5": {
      "file": "chunk-DIWBNNG5.js"
    },
    "chunk-KF6EEWGT": {
      "file": "chunk-KF6EEWGT.js"
    },
    "chunk-4BDHAUAZ": {
      "file": "chunk-4BDHAUAZ.js"
    },
    "chunk-LZYSOSZR": {
      "file": "chunk-LZYSOSZR.js"
    },
    "chunk-FPHGACWK": {
      "file": "chunk-FPHGACWK.js"
    },
    "chunk-MMU3IRPC": {
      "file": "chunk-MMU3IRPC.js"
    },
    "chunk-IBYU652R": {
      "file": "chunk-IBYU652R.js"
    },
    "chunk-7DTNWNU4": {
      "file": "chunk-7DTNWNU4.js"
    },
    "chunk-G7B6KA7X": {
      "file": "chunk-G7B6KA7X.js"
    },
    "chunk-QFC7M7G5": {
      "file": "chunk-QFC7M7G5.js"
    },
    "chunk-2O4WY5GE": {
      "file": "chunk-2O4WY5GE.js"
    },
    "chunk-YRXHQ6N4": {
      "file": "chunk-YRXHQ6N4.js"
    },
    "chunk-ZLHXMVBC": {
      "file": "chunk-ZLHXMVBC.js"
    },
    "chunk-ZC3SGFJN": {
      "file": "chunk-ZC3SGFJN.js"
    },
    "chunk-G2BODN2J": {
      "file": "chunk-G2BODN2J.js"
    },
    "chunk-VEN2DK33": {
      "file": "chunk-VEN2DK33.js"
    },
    "chunk-3KMFPWCL": {
      "file": "chunk-3KMFPWCL.js"
    },
    "chunk-FWI5NHID": {
      "file": "chunk-FWI5NHID.js"
    },
    "chunk-GQ6LRKJQ": {
      "file": "chunk-GQ6LRKJQ.js"
    },
    "chunk-QDIDUNMF": {
      "file": "chunk-QDIDUNMF.js"
    },
    "chunk-ANVCJLGX": {
      "file": "chunk-ANVCJLGX.js"
    },
    "chunk-WPM5VTLQ": {
      "file": "chunk-WPM5VTLQ.js"
    },
    "chunk-PEBH6BBU": {
      "file": "chunk-PEBH6BBU.js"
    },
    "chunk-4S3KYZTJ": {
      "file": "chunk-4S3KYZTJ.js"
    },
    "chunk-WDMUDEB6": {
      "file": "chunk-WDMUDEB6.js"
    }
  }
}